{
    "resize": {
        "code": "e667"
    },
    "expand-full": {
        "code": "e6a3",
        "alias": ["arrows-alt", "fullscreen"],
        "name": "Arrows Alt",
        "filter": ["expand", "enlarge", "bigger", "move", "reorder", "resize"],
        "categories": ["Video Player Icons", "Directional Icons"]
    },
    "collapse-full": {
        "code": "e682"
    },
    "yinyang": {
        "code": "e687",
        "alias": ["taiji"]
    },
    "window": {
        "code": "e68e"
    },
    "window-alt": {
        "code": "e68f"
    },
    "carousel": {
        "code": "e6b0"
    },
    "spinner-snake": {
        "code": "e97b"
    },
    "spinner-indicator": {
        "code": "e97c"
    },
    "check-board": {
        "code": "e9b8"
    },
    "bar-chart": {
        "code": "f080",
        "alias": ["bar-chart-o"],
        "name": "Bar Chart",
        "filter": ["graph"],
        "categories": ["Web Application Icons", "Chart Icons"]
    },
    "github": {
        "code": "f09b",
        "name": "GitHub",
        "filter": ["octocat"],
        "categories": ["Brand Icons"]
    },
    "dot-circle": {
        "code": "f192",
        "alias": ["dot-circle-o"],
        "name": "Dot Circle Outlined",
        "filter": ["target", "bullseye", "notification"],
        "categories": ["Web Application Icons", "Form Control Icons"]
    },
    "cube-alt": {
        "code": "f1b2"
    },
    "cubes": {
        "code": "f1b3",
        "name": "Cubes",
        "categories": ["Web Application Icons"]
    },
    "file-pdf": {
        "code": "f1c1"
    },
    "file-word": {
        "code": "f1c2"
    },
    "file-excel": {
        "code": "f1c3"
    },
    "file-powerpoint": {
        "code": "f1c4"
    },
    "file-image": {
        "code": "f1c5",
        "alias": ["file-photo", "file-picture"]
    },
    "file-archive": {
        "code": "f1c6",
        "alias": ["file-zip"]
    },
    "file-audio": {
        "code": "f1c7",
        "alias": ["file-sound"]
    },
    "file-movie": {
        "code": "f1c8",
        "alias": ["file-video"]
    },
    "file-code": {
        "code": "f1c9"
    },
    "circle-o-notch": {
        "code": "f1ce",
        "name": "Circle Outlined Notched",
        "categories": ["Web Application Icons", "Spinner Icons"]
    },
    "qq": {
        "code": "f600",
        "name": "QQ",
        "categories": ["Brand Icons"]
    },
    "wechat": {
        "code": "f1d7",
        "alias": ["weixin"],
        "name": "Weixin (WeChat)",
        "categories": ["Brand Icons"]
    },
    "history": {
        "code": "f1da",
        "name": "History",
        "categories": ["Web Application Icons"]
    },
    "circle-thin": {
        "code": "f1db",
        "name": "Circle Outlined Thin",
        "categories": ["Web Application Icons", "Gender Icons"]
    },
    "sliders": {
        "code": "f1de",
        "name": "Sliders",
        "categories": ["Web Application Icons"]
    },
    "newspaper-o": {
        "code": "f1ea",
        "name": "Newspaper Outlined",
        "categories": ["Web Application Icons"]
    },
    "calculator": {
        "code": "f1ec",
        "name": "Calculator",
        "categories": ["Web Application Icons"]
    },
    "paint-brush": {
        "code": "f1fc",
        "name": "Paint Brush",
        "categories": ["Web Application Icons"]
    },
    "area-chart": {
        "code": "f1fe",
        "name": "Area Chart",
        "categories": ["Web Application Icons", "Chart Icons"]
    },
    "pie-chart": {
        "code": "f200",
        "name": "Pie Chart",
        "categories": ["Web Application Icons", "Chart Icons"]
    },
    "line-chart": {
        "code": "f201",
        "name": "Line Chart",
        "categories": ["Web Application Icons", "Chart Icons"]
    },
    "toggle-off": {
        "code": "f204",
        "name": "Toggle Off",
        "categories": ["Web Application Icons"]
    },
    "toggle-on": {
        "code": "f205",
        "name": "Toggle On",
        "categories": ["Web Application Icons"]
    },
    "diamond": {
        "code": "f219",
        "name": "Diamond",
        "filter": ["gem", "gemstone"],
        "categories": ["Web Application Icons"]
    },
    "venus": {
        "code": "f221",
        "name": "Venus",
        "filter": ["female"],
        "categories": ["Gender Icons"]
    },
    "mars": {
        "code": "f222",
        "name": "Mars",
        "filter": ["male"],
        "categories": ["Gender Icons"]
    },
    "server": {
        "code": "f233",
        "name": "Server",
        "categories": ["Web Application Icons"]
    },
    "music": {
        "code": "e602",
        "name": "Music",
        "filter": ["note", "sound"],
        "categories": ["Web Application Icons"]
    },
    "search": {
        "code": "e603",
        "name": "Search",
        "filter": ["magnify", "zoom", "enlarge", "bigger"],
        "categories": ["Web Application Icons"]
    },
    "envelope": {
        "code": "e604",
        "name": "Envelope",
        "filter": ["email", "e-mail", "letter", "support", "mail", "notification"],
        "categories": ["Web Application Icons"]
    },
    "heart": {
        "code": "e605",
        "name": "Heart",
        "filter": ["love", "like", "favorite"],
        "categories": ["Web Application Icons", "Medical Icons"]
    },
    "star": {
        "code": "e606",
        "name": "Star",
        "filter": ["award", "achievement", "night", "rating", "score"],
        "categories": ["Web Application Icons"]
    },
    "star-empty": {
        "code": "e607"
    },
    "user": {
        "code": "e608",
        "name": "User",
        "filter": ["person", "man", "head", "profile"],
        "categories": ["Web Application Icons"]
    },
    "film": {
        "code": "e609",
        "name": "Film",
        "filter": ["movie"],
        "categories": ["Web Application Icons"]
    },
    "th-large": {
        "code": "e60a",
        "name": "th-large",
        "filter": ["blocks", "squares", "boxes"],
        "categories": ["Text Editor Icons"]
    },
    "th": {
        "code": "e60b",
        "name": "th",
        "filter": ["blocks", "squares", "boxes"],
        "categories": ["Text Editor Icons"]
    },
    "th-list": {
        "code": "e60c",
        "name": "th-list",
        "filter": ["ul", "ol", "checklist", "finished", "completed", "done", "todo"],
        "categories": ["Text Editor Icons"]
    },
    "check": {
        "code": "e60d",
        "alias": ["ok"],
        "name": "Check",
        "filter": ["checkmark", "done", "todo", "agree", "accept", "confirm"],
        "categories": ["Web Application Icons"]
    },
    "times": {
        "code": "d7",
        "alias": ["remove"],
        "name": "Times",
        "filter": ["close", "exit", "x"],
        "categories": ["Web Application Icons"]
    },
    "zoom-in": {
        "code": "e60f"
    },
    "zoom-out": {
        "code": "e610"
    },
    "off": {
        "code": "e611"
    },
    "cog": {
        "code": "e613",
        "name": "cog",
        "filter": ["settings"],
        "categories": ["Web Application Icons", "Spinner Icons"]
    },
    "trash": {
        "code": "e614",
        "name": "Trash",
        "categories": ["Web Application Icons"]
    },
    "home": {
        "code": "e615",
        "name": "home",
        "filter": ["main", "house"],
        "categories": ["Web Application Icons"]
    },
    "file-o": {
        "code": "e616",
        "alias": ["file-alt"],
        "name": "File Outlined",
        "filter": ["new", "page", "pdf", "document"],
        "categories": ["Text Editor Icons", "File Type Icons"]
    },
    "time": {
        "code": "e617"
    },
    "download-alt": {
        "code": "e618"
    },
    "download": {
        "code": "e619",
        "name": "Download",
        "filter": ["import"],
        "categories": ["Web Application Icons"]
    },
    "upload": {
        "code": "e61a",
        "name": "Upload",
        "filter": ["import"],
        "categories": ["Web Application Icons"]
    },
    "inbox": {
        "code": "e61b",
        "name": "inbox",
        "categories": ["Web Application Icons"]
    },
    "play-circle": {
        "code": "e61c",
        "name": "Play Circle",
        "filter": ["start", "playing"],
        "categories": ["Video Player Icons"]
    },
    "repeat": {
        "code": "e61d",
        "name": "Repeat",
        "filter": ["redo", "forward"],
        "categories": ["Text Editor Icons"]
    },
    "refresh": {
        "code": "e61e",
        "name": "refresh",
        "filter": ["reload"],
        "categories": ["Web Application Icons", "Spinner Icons"]
    },
    "list-alt": {
        "code": "e61f",
        "name": "list-alt",
        "filter": ["ul", "ol", "checklist", "finished", "completed", "done", "todo"],
        "categories": ["Text Editor Icons"]
    },
    "lock": {
        "code": "e620",
        "name": "lock",
        "filter": ["protect", "admin"],
        "categories": ["Web Application Icons"]
    },
    "flag": {
        "code": "e621",
        "name": "flag",
        "filter": ["report", "notification", "notify"],
        "categories": ["Web Application Icons"]
    },
    "headphones": {
        "code": "e622",
        "name": "headphones",
        "filter": ["sound", "listen", "music"],
        "categories": ["Web Application Icons"]
    },
    "volume-off": {
        "code": "e623",
        "name": "volume-off",
        "filter": ["mute", "sound", "music"],
        "categories": ["Web Application Icons"]
    },
    "volume-up": {
        "code": "e625",
        "name": "volume-up",
        "filter": ["higher", "louder", "sound", "music"],
        "categories": ["Web Application Icons"]
    },
    "qrcode": {
        "code": "e626",
        "name": "qrcode",
        "filter": ["scan"],
        "categories": ["Web Application Icons"]
    },
    "barcode": {
        "code": "e627",
        "name": "barcode",
        "filter": ["scan"],
        "categories": ["Web Application Icons"]
    },
    "tag": {
        "code": "e628",
        "name": "tag",
        "filter": ["label"],
        "categories": ["Web Application Icons"]
    },
    "tags": {
        "code": "e629",
        "name": "tags",
        "filter": ["labels"],
        "categories": ["Web Application Icons"]
    },
    "book": {
        "code": "e62a",
        "name": "book",
        "filter": ["read", "documentation"],
        "categories": ["Web Application Icons"]
    },
    "bookmark": {
        "code": "e62b",
        "name": "bookmark",
        "filter": ["save"],
        "categories": ["Web Application Icons"]
    },
    "print": {
        "code": "e62c",
        "name": "print",
        "categories": ["Web Application Icons"]
    },
    "camera": {
        "code": "e62d",
        "name": "camera",
        "filter": ["photo", "picture", "record"],
        "categories": ["Web Application Icons"]
    },
    "font": {
        "code": "e62e",
        "name": "font",
        "filter": ["text"],
        "categories": ["Text Editor Icons"]
    },
    "bold": {
        "code": "e62f",
        "name": "bold",
        "categories": ["Text Editor Icons"]
    },
    "align-justify": {
        "code": "e636",
        "name": "align-justify",
        "filter": ["text"],
        "categories": ["Text Editor Icons"]
    },
    "list": {
        "code": "e637",
        "name": "list",
        "filter": ["ul", "ol", "checklist", "finished", "completed", "done", "todo"],
        "categories": ["Text Editor Icons"]
    },
    "picture": {
        "code": "e63b"
    },
    "pencil": {
        "code": "e63c",
        "name": "pencil",
        "filter": ["write", "edit", "update"],
        "categories": ["Web Application Icons"]
    },
    "map-marker": {
        "code": "e63d",
        "name": "map-marker",
        "filter": ["map", "pin", "location", "coordinates", "localize", "address", "travel", "where", "place"],
        "categories": ["Web Application Icons"]
    },
    "adjust": {
        "code": "e63e",
        "name": "adjust",
        "filter": ["contrast"],
        "categories": ["Web Application Icons"]
    },
    "tint": {
        "code": "e63f",
        "name": "tint",
        "filter": ["raindrop"],
        "categories": ["Web Application Icons"]
    },
    "edit": {
        "code": "e640",
        "name": "Pencil Square Outlined",
        "filter": ["write", "edit", "update"],
        "categories": ["Web Application Icons"]
    },
    "share": {
        "code": "e641",
        "name": "Share",
        "categories": ["Web Application Icons"]
    },
    "checked": {
        "code": "e642"
    },
    "arrows": {
        "code": "e643",
        "alias": ["move"],
        "name": "Arrows",
        "filter": ["move", "reorder", "resize"],
        "categories": ["Web Application Icons", "Directional Icons"]
    },
    "step-backward": {
        "code": "e644",
        "name": "step-backward",
        "filter": ["rewind", "previous", "beginning", "start", "first"],
        "categories": ["Video Player Icons"]
    },
    "fast-backward": {
        "code": "e645",
        "name": "fast-backward",
        "filter": ["rewind", "previous", "beginning", "start", "first"],
        "categories": ["Video Player Icons"]
    },
    "backward": {
        "code": "e646",
        "name": "backward",
        "filter": ["rewind", "previous"],
        "categories": ["Video Player Icons"]
    },
    "play": {
        "code": "e647",
        "name": "play",
        "filter": ["start", "playing", "music", "sound"],
        "categories": ["Video Player Icons"]
    },
    "pause": {
        "code": "e648",
        "name": "pause",
        "filter": ["wait"],
        "categories": ["Video Player Icons"]
    },
    "stop": {
        "code": "e649",
        "name": "stop",
        "filter": ["block", "box", "square"],
        "categories": ["Video Player Icons"]
    },
    "forward": {
        "code": "e64a",
        "name": "forward",
        "filter": ["forward", "next"],
        "categories": ["Video Player Icons"]
    },
    "fast-forward": {
        "code": "e64b",
        "name": "fast-forward",
        "filter": ["next", "end", "last"],
        "categories": ["Video Player Icons"]
    },
    "step-forward": {
        "code": "e64c",
        "name": "step-forward",
        "filter": ["next", "end", "last"],
        "categories": ["Video Player Icons"]
    },
    "eject": {
        "code": "e64d",
        "name": "eject",
        "categories": ["Video Player Icons"]
    },
    "chevron-left": {
        "code": "e64e",
        "name": "chevron-left",
        "filter": ["bracket", "previous", "back"],
        "categories": ["Directional Icons"]
    },
    "chevron-right": {
        "code": "e64f",
        "name": "chevron-right",
        "filter": ["bracket", "next", "forward"],
        "categories": ["Directional Icons"]
    },
    "plus-sign": {
        "code": "e650"
    },
    "minus-sign": {
        "code": "e651"
    },
    "remove-sign": {
        "code": "e652"
    },
    "check-circle": {
        "code": "e653",
        "alias": ["ok-sign"],
        "name": "Check Circle",
        "filter": ["todo", "done", "agree", "accept", "confirm"],
        "categories": ["Web Application Icons"]
    },
    "question-sign": {
        "code": "e654"
    },
    "info-sign": {
        "code": "e655"
    },
    "remove-circle": {
        "code": "e657"
    },
    "check-circle-o": {
        "code": "e658",
        "alias": ["ok-circle"],
        "name": "Check Circle Outlined",
        "filter": ["todo", "done", "agree", "accept", "confirm"],
        "categories": ["Web Application Icons"]
    },
    "ban-circle": {
        "code": "e659"
    },
    "arrow-left": {
        "code": "e65a",
        "name": "arrow-left",
        "filter": ["previous", "back"],
        "categories": ["Directional Icons"]
    },
    "arrow-right": {
        "code": "e65b",
        "name": "arrow-right",
        "filter": ["next", "forward"],
        "categories": ["Directional Icons"]
    },
    "arrow-up": {
        "code": "e65c",
        "name": "arrow-up",
        "categories": ["Directional Icons"]
    },
    "arrow-down": {
        "code": "e65d",
        "name": "arrow-down",
        "filter": ["download"],
        "categories": ["Directional Icons"]
    },
    "share-alt": {
        "code": "e65e",
        "name": "Share Alt",
        "categories": ["Web Application Icons", "Brand Icons"]
    },
    "resize-full": {
        "code": "e65f"
    },
    "resize-small": {
        "code": "e660"
    },
    "plus": {
        "code": "e661",
        "name": "plus",
        "filter": ["add", "new", "create", "expand"],
        "categories": ["Web Application Icons"]
    },
    "minus": {
        "code": "e662",
        "name": "minus",
        "filter": ["hide", "minify", "delete", "remove", "trash", "hide", "collapse"],
        "categories": ["Web Application Icons"]
    },
    "asterisk": {
        "code": "e663",
        "name": "asterisk",
        "filter": ["details"],
        "categories": ["Web Application Icons"]
    },
    "exclamation-sign": {
        "code": "e664"
    },
    "gift": {
        "code": "e665",
        "name": "gift",
        "filter": ["present"],
        "categories": ["Web Application Icons"]
    },
    "leaf": {
        "code": "e666",
        "name": "leaf",
        "filter": ["eco", "nature"],
        "categories": ["Web Application Icons"]
    },
    "eye-open": {
        "code": "e668"
    },
    "eye-close": {
        "code": "e669"
    },
    "warning-sign": {
        "code": "e66a"
    },
    "plane": {
        "code": "e66b",
        "name": "plane",
        "filter": ["travel", "trip", "location", "destination", "airplane", "fly", "mode"],
        "categories": ["Web Application Icons", "Transportation Icons"]
    },
    "calendar": {
        "code": "e66c",
        "name": "calendar",
        "filter": ["date", "time", "when"],
        "categories": ["Web Application Icons"]
    },
    "random": {
        "code": "e66d",
        "name": "random",
        "filter": ["sort"],
        "categories": ["Web Application Icons"]
    },
    "comment": {
        "code": "e66e",
        "name": "comment",
        "filter": ["speech", "notification", "note"],
        "categories": ["Web Application Icons"]
    },
    "chevron-up": {
        "code": "e670",
        "name": "chevron-up",
        "categories": ["Directional Icons"]
    },
    "chevron-down": {
        "code": "e671",
        "name": "chevron-down",
        "categories": ["Directional Icons"]
    },
    "shopping-cart": {
        "code": "e673",
        "name": "shopping-cart",
        "filter": ["checkout", "buy", "purchase", "payment"],
        "categories": ["Web Application Icons"]
    },
    "folder-close": {
        "code": "e674"
    },
    "folder-open": {
        "code": "e675",
        "name": "Folder Open",
        "categories": ["Web Application Icons"]
    },
    "resize-v": {
        "code": "e676"
    },
    "resize-h": {
        "code": "e677"
    },
    "bar-chart-alt": {
        "code": "e678"
    },
    "camera-retro": {
        "code": "e679",
        "name": "camera-retro",
        "filter": ["photo", "picture", "record"],
        "categories": ["Web Application Icons"]
    },
    "key": {
        "code": "e67a",
        "name": "key",
        "filter": ["unlock", "password"],
        "categories": ["Web Application Icons"]
    },
    "cogs": {
        "code": "e67b",
        "name": "cogs",
        "filter": ["settings"],
        "categories": ["Web Application Icons"]
    },
    "comments": {
        "code": "e67c",
        "name": "comments",
        "filter": ["conversation", "notification", "notes"],
        "categories": ["Web Application Icons"]
    },
    "thumbs-o-up": {
        "code": "e67d",
        "name": "Thumbs Up Outlined",
        "filter": ["like", "approve", "favorite", "agree"],
        "categories": ["Web Application Icons"]
    },
    "thumbs-o-down": {
        "code": "e67e",
        "name": "Thumbs Down Outlined",
        "filter": ["dislike", "disapprove", "disagree"],
        "categories": ["Web Application Icons"]
    },
    "star-half": {
        "code": "e67f",
        "name": "star-half",
        "filter": ["award", "achievement", "rating", "score"],
        "categories": ["Web Application Icons"]
    },
    "heart-empty": {
        "code": "e680"
    },
    "signout": {
        "code": "e681"
    },
    "pushpin": {
        "code": "e683"
    },
    "external-link": {
        "code": "e684",
        "name": "External Link",
        "filter": ["open", "new"],
        "categories": ["Web Application Icons"]
    },
    "signin": {
        "code": "e685"
    },
    "trophy": {
        "code": "e686",
        "name": "trophy",
        "filter": ["award", "achievement", "winner", "game"],
        "categories": ["Web Application Icons"]
    },
    "upload-alt": {
        "code": "e688"
    },
    "lemon": {
        "code": "e689"
    },
    "phone": {
        "code": "e68a",
        "name": "Phone",
        "filter": ["call", "voice", "number", "support"],
        "categories": ["Web Application Icons"]
    },
    "check-empty": {
        "code": "e68b"
    },
    "bookmark-empty": {
        "code": "e68c"
    },
    "phone-sign": {
        "code": "e68d"
    },
    "credit": {
        "code": "e690"
    },
    "rss": {
        "code": "e691",
        "name": "rss",
        "filter": ["feed", "blog"],
        "categories": ["Web Application Icons"]
    },
    "hdd": {
        "code": "e692"
    },
    "bullhorn": {
        "code": "e693",
        "name": "bullhorn",
        "filter": ["announcement", "share", "broadcast", "louder"],
        "categories": ["Web Application Icons"]
    },
    "bell": {
        "code": "e694",
        "name": "bell",
        "filter": ["alert", "reminder", "notification"],
        "categories": ["Web Application Icons"]
    },
    "certificate": {
        "code": "e695",
        "name": "certificate",
        "filter": ["badge", "star"],
        "categories": ["Web Application Icons"]
    },
    "hand-right": {
        "code": "e696"
    },
    "hand-left": {
        "code": "e697"
    },
    "hand-up": {
        "code": "e698"
    },
    "hand-down": {
        "code": "e699"
    },
    "circle-arrow-left": {
        "code": "e69a"
    },
    "circle-arrow-right": {
        "code": "e69b"
    },
    "circle-arrow-up": {
        "code": "e69c"
    },
    "circle-arrow-down": {
        "code": "e69d"
    },
    "globe": {
        "code": "e69e",
        "name": "Globe",
        "filter": ["world", "planet", "map", "place", "travel", "earth", "global", "translate", "all", "language", "localize", "location", "coordinates", "country"],
        "categories": ["Web Application Icons"]
    },
    "wrench": {
        "code": "e69f",
        "name": "Wrench",
        "filter": ["settings", "fix", "update"],
        "categories": ["Web Application Icons"]
    },
    "tasks": {
        "code": "e6a0",
        "name": "Tasks",
        "filter": ["progress", "loading", "downloading", "downloads", "settings"],
        "categories": ["Web Application Icons"]
    },
    "filter": {
        "code": "e6a1",
        "name": "Filter",
        "filter": ["funnel", "options"],
        "categories": ["Web Application Icons"]
    },
    "group": {
        "code": "e6a4",
        "name": "Users",
        "filter": ["people", "profiles", "persons"],
        "categories": ["Web Application Icons"]
    },
    "link": {
        "code": "e6a5",
        "name": "Link",
        "filter": ["chain"],
        "categories": ["Text Editor Icons"]
    },
    "cloud": {
        "code": "e6a6",
        "name": "Cloud",
        "filter": ["save"],
        "categories": ["Web Application Icons"]
    },
    "beaker": {
        "code": "e6a7"
    },
    "cut": {
        "code": "e6a8",
        "name": "Scissors",
        "categories": ["Text Editor Icons"]
    },
    "copy": {
        "code": "e6a9",
        "name": "Files Outlined",
        "filter": ["duplicate"],
        "categories": ["Text Editor Icons"]
    },
    "paper-clip": {
        "code": "e6aa"
    },
    "save": {
        "code": "e6ab",
        "name": "Floppy Outlined",
        "categories": ["Text Editor Icons"]
    },
    "sign-blank": {
        "code": "e6ac"
    },
    "bars": {
        "code": "e6ad",
        "alias": ["reorder"],
        "name": "Bars",
        "filter": ["menu", "drag", "reorder", "settings", "list", "ul", "ol", "checklist", "todo", "list"],
        "categories": ["Web Application Icons"]
    },
    "list-ul": {
        "code": "e6ae",
        "name": "list-ul",
        "filter": ["ul", "ol", "checklist", "todo", "list"],
        "categories": ["Text Editor Icons"]
    },
    "list-ol": {
        "code": "e6af",
        "name": "list-ol",
        "filter": ["ul", "ol", "checklist", "list", "todo", "list", "numbers"],
        "categories": ["Text Editor Icons"]
    },
    "table": {
        "code": "e6b2",
        "name": "table",
        "filter": ["data", "excel", "spreadsheet"],
        "categories": ["Text Editor Icons"]
    },
    "magic": {
        "code": "e6b3",
        "name": "magic",
        "filter": ["wizard", "automatic", "autocomplete"],
        "categories": ["Web Application Icons"]
    },
    "caret-down": {
        "code": "e6b8",
        "name": "Caret Down",
        "filter": ["more", "dropdown", "menu"],
        "categories": ["Directional Icons"]
    },
    "caret-up": {
        "code": "e6b9",
        "name": "Caret Up",
        "categories": ["Directional Icons"]
    },
    "caret-left": {
        "code": "e6ba",
        "name": "Caret Left",
        "filter": ["previous", "back"],
        "categories": ["Directional Icons"]
    },
    "caret-right": {
        "code": "e6bb",
        "name": "Caret Right",
        "filter": ["next", "forward"],
        "categories": ["Directional Icons"]
    },
    "columns": {
        "code": "e6bc",
        "name": "Columns",
        "filter": ["split", "panes"],
        "categories": ["Text Editor Icons"]
    },
    "sort": {
        "code": "e6bd",
        "name": "Sort",
        "filter": ["order"],
        "categories": ["Web Application Icons"]
    },
    "sort-down": {
        "code": "e6be",
        "name": "Sort Descending",
        "filter": ["dropdown", "more", "menu"],
        "categories": ["Web Application Icons"]
    },
    "sort-up": {
        "code": "e6bf",
        "name": "Sort Ascending",
        "categories": ["Web Application Icons"]
    },
    "envelope-alt": {
        "code": "e6c0"
    },
    "undo": {
        "code": "e6c1",
        "name": "Undo",
        "filter": ["back"],
        "categories": ["Text Editor Icons"]
    },
    "dashboard": {
        "code": "e6c3",
        "name": "Tachometer",
        "categories": ["Web Application Icons"]
    },
    "comment-alt": {
        "code": "e6c4"
    },
    "comments-alt": {
        "code": "e6c5"
    },
    "bolt": {
        "code": "e6c6",
        "name": "Lightning Bolt",
        "filter": ["lightning", "weather"],
        "categories": ["Web Application Icons"]
    },
    "sitemap": {
        "code": "e6c7",
        "name": "Sitemap",
        "filter": ["directory", "hierarchy", "organization"],
        "categories": ["Web Application Icons"]
    },
    "umbrella": {
        "code": "e6c8",
        "name": "Umbrella",
        "categories": ["Web Application Icons"]
    },
    "paste": {
        "code": "e6c9",
        "name": "Clipboard",
        "filter": ["copy"],
        "categories": ["Text Editor Icons"]
    },
    "lightbulb": {
        "code": "e6ca"
    },
    "exchange": {
        "code": "e6cb",
        "name": "Exchange",
        "categories": ["Web Application Icons"]
    },
    "cloud-download": {
        "code": "e6cc",
        "name": "Cloud Download",
        "filter": ["import"],
        "categories": ["Web Application Icons"]
    },
    "cloud-upload": {
        "code": "e6cd",
        "name": "Cloud Upload",
        "filter": ["import"],
        "categories": ["Web Application Icons"]
    },
    "bell-alt": {
        "code": "e6d1"
    },
    "coffee": {
        "code": "e6d2",
        "name": "Coffee",
        "filter": ["morning", "mug", "breakfast", "tea", "drink", "cafe"],
        "categories": ["Web Application Icons"]
    },
    "file-text-o": {
        "code": "e6d4",
        "alias": ["file-text-alt"],
        "name": "File Text Outlined",
        "filter": ["new", "page", "pdf", "document"],
        "categories": ["Text Editor Icons", "File Type Icons"]
    },
    "building": {
        "code": "e6d5",
        "name": "Building",
        "categories": ["Web Application Icons"]
    },
    "double-angle-left": {
        "code": "e6dc"
    },
    "double-angle-right": {
        "code": "e6dd"
    },
    "double-angle-up": {
        "code": "e6de"
    },
    "double-angle-down": {
        "code": "e6df"
    },
    "angle-left": {
        "code": "e6e0",
        "name": "angle-left",
        "filter": ["previous", "back"],
        "categories": ["Directional Icons"]
    },
    "angle-right": {
        "code": "e6e1",
        "name": "angle-right",
        "filter": ["next", "forward"],
        "categories": ["Directional Icons"]
    },
    "angle-up": {
        "code": "e6e2",
        "name": "angle-up",
        "categories": ["Directional Icons"]
    },
    "angle-down": {
        "code": "e6e3",
        "name": "angle-down",
        "categories": ["Directional Icons"]
    },
    "desktop": {
        "code": "e6e4",
        "name": "Desktop",
        "filter": ["monitor", "screen", "desktop", "computer", "demo", "device"],
        "categories": ["Web Application Icons"]
    },
    "laptop": {
        "code": "e6e5",
        "name": "Laptop",
        "filter": ["demo", "computer", "device"],
        "categories": ["Web Application Icons"]
    },
    "tablet": {
        "code": "e6e6",
        "name": "tablet",
        "filter": ["ipad", "device"],
        "categories": ["Web Application Icons"]
    },
    "mobile": {
        "code": "e6e7",
        "name": "Mobile Phone",
        "filter": ["cell phone", "cellphone", "text", "call", "iphone", "number"],
        "categories": ["Web Application Icons"]
    },
    "circle-blank": {
        "code": "e6e8"
    },
    "quote-left": {
        "code": "e6e9",
        "name": "quote-left",
        "categories": ["Web Application Icons"]
    },
    "quote-right": {
        "code": "e6ea",
        "name": "quote-right",
        "categories": ["Web Application Icons"]
    },
    "spinner": {
        "code": "e6eb",
        "name": "Spinner",
        "filter": ["loading", "progress"],
        "categories": ["Web Application Icons", "Spinner Icons"]
    },
    "circle": {
        "code": "e6ec",
        "name": "Circle",
        "filter": ["dot", "notification"],
        "categories": ["Web Application Icons", "Form Control Icons"]
    },
    "reply": {
        "code": "e6ed",
        "name": "Reply",
        "categories": ["Web Application Icons"]
    },
    "folder-close-alt": {
        "code": "e6ef"
    },
    "folder-open-alt": {
        "code": "e6f0"
    },
    "expand-alt": {
        "code": "e6f1"
    },
    "collapse-alt": {
        "code": "e6f2"
    },
    "smile": {
        "code": "e6f3"
    },
    "frown": {
        "code": "e6f4"
    },
    "meh": {
        "code": "e6f5"
    },
    "gamepad": {
        "code": "e6f6",
        "name": "Gamepad",
        "filter": ["controller"],
        "categories": ["Web Application Icons"]
    },
    "keyboard": {
        "code": "e6f7"
    },
    "flag-alt": {
        "code": "e6f8"
    },
    "flag-checkered": {
        "code": "e6f9",
        "name": "flag-checkered",
        "filter": ["report", "notification", "notify"],
        "categories": ["Web Application Icons"]
    },
    "terminal": {
        "code": "e6fa",
        "name": "Terminal",
        "filter": ["command", "prompt", "code"],
        "categories": ["Web Application Icons"]
    },
    "code": {
        "code": "e6fb",
        "name": "Code",
        "filter": ["html", "brackets"],
        "categories": ["Web Application Icons"]
    },
    "reply-all": {
        "code": "e6fc",
        "name": "reply-all",
        "categories": ["Web Application Icons"]
    },
    "star-half-full": {
        "code": "e6fd",
        "name": "Star Half Outlined",
        "filter": ["award", "achievement", "rating", "score"],
        "categories": ["Web Application Icons"]
    },
    "location-arrow": {
        "code": "e6fe",
        "name": "location-arrow",
        "filter": ["map", "coordinates", "location", "address", "place", "where"],
        "categories": ["Web Application Icons"]
    },
    "crop": {
        "code": "e6ff",
        "name": "crop",
        "categories": ["Web Application Icons"]
    },
    "code-fork": {
        "code": "e700",
        "name": "code-fork",
        "filter": ["git", "fork", "vcs", "svn", "github", "rebase", "version", "merge"],
        "categories": ["Web Application Icons"]
    },
    "unlink": {
        "code": "e701",
        "name": "Chain Broken",
        "filter": ["remove"],
        "categories": ["Text Editor Icons"]
    },
    "question": {
        "code": "e702",
        "name": "Question",
        "filter": ["help", "information", "unknown", "support"],
        "categories": ["Web Application Icons"]
    },
    "info": {
        "code": "e703",
        "name": "Info",
        "filter": ["help", "information", "more", "details"],
        "categories": ["Web Application Icons"]
    },
    "shield": {
        "code": "e70b",
        "name": "shield",
        "filter": ["award", "achievement", "winner"],
        "categories": ["Web Application Icons"]
    },
    "calendar-empty": {
        "code": "e70c"
    },
    "rocket": {
        "code": "e70e",
        "name": "rocket",
        "filter": ["app"],
        "categories": ["Web Application Icons", "Transportation Icons"]
    },
    "chevron-sign-left": {
        "code": "e70f"
    },
    "chevron-sign-right": {
        "code": "e710"
    },
    "chevron-sign-up": {
        "code": "e711"
    },
    "chevron-sign-down": {
        "code": "e712"
    },
    "html5": {
        "code": "e713",
        "name": "HTML 5 Logo",
        "categories": ["Brand Icons"]
    },
    "anchor": {
        "code": "e714",
        "name": "Anchor",
        "filter": ["link"],
        "categories": ["Web Application Icons"]
    },
    "unlock-alt": {
        "code": "e715",
        "name": "Unlock Alt",
        "filter": ["protect", "admin", "password"],
        "categories": ["Web Application Icons"]
    },
    "bullseye": {
        "code": "e716",
        "name": "Bullseye",
        "filter": ["target"],
        "categories": ["Web Application Icons"]
    },
    "ellipsis-h": {
        "code": "e717",
        "name": "Ellipsis Horizontal",
        "filter": ["dots"],
        "categories": ["Web Application Icons"]
    },
    "ellipsis-v": {
        "code": "e718",
        "name": "Ellipsis Vertical",
        "filter": ["dots"],
        "categories": ["Web Application Icons"]
    },
    "rss-sign": {
        "code": "e719"
    },
    "play-sign": {
        "code": "e71a"
    },
    "minus-sign-alt": {
        "code": "e71c"
    },
    "check-minus": {
        "code": "e71d"
    },
    "level-up": {
        "code": "e71e",
        "name": "Level Up",
        "categories": ["Web Application Icons"]
    },
    "level-down": {
        "code": "e71f",
        "name": "Level Down",
        "categories": ["Web Application Icons"]
    },
    "check-sign": {
        "code": "e720"
    },
    "edit-sign": {
        "code": "e721"
    },
    "external-link-sign": {
        "code": "e722"
    },
    "share-sign": {
        "code": "e723"
    },
    "compass": {
        "code": "e724",
        "name": "Compass",
        "filter": ["safari", "directory", "menu", "location"],
        "categories": ["Web Application Icons"]
    },
    "collapse": {
        "code": "e725"
    },
    "collapse-top": {
        "code": "e726"
    },
    "expand": {
        "code": "e727",
        "name": "Expand",
        "filter": ["enlarge", "bigger", "resize"],
        "categories": ["Video Player Icons"]
    },
    "dollar": {
        "code": "e728",
        "name": "US Dollar",
        "categories": ["Currency Icons"]
    },
    "yen": {
        "code": "e729",
        "name": "Japanese Yen (JPY)",
        "categories": ["Currency Icons"]
    },
    "file": {
        "code": "e72b",
        "name": "File",
        "filter": ["new", "page", "pdf", "document"],
        "categories": ["Text Editor Icons", "File Type Icons"]
    },
    "file-text": {
        "code": "e72c",
        "name": "File Text",
        "filter": ["new", "page", "pdf", "document"],
        "categories": ["Text Editor Icons", "File Type Icons"]
    },
    "sort-by-alphabet": {
        "code": "e72d"
    },
    "sort-by-alphabet-alt": {
        "code": "e72e"
    },
    "sort-by-attributes": {
        "code": "e72f"
    },
    "sort-by-attributes-alt": {
        "code": "e730"
    },
    "sort-by-order": {
        "code": "e731"
    },
    "sort-by-order-alt": {
        "code": "e732"
    },
    "thumbs-up": {
        "code": "e733",
        "name": "thumbs-up",
        "filter": ["like", "favorite", "approve", "agree"],
        "categories": ["Web Application Icons"]
    },
    "thumbs-down": {
        "code": "e734",
        "name": "thumbs-down",
        "filter": ["dislike", "disapprove", "disagree"],
        "categories": ["Web Application Icons"]
    },
    "long-arrow-down": {
        "code": "e736",
        "name": "Long Arrow Down",
        "categories": ["Directional Icons"]
    },
    "long-arrow-up": {
        "code": "e737",
        "name": "Long Arrow Up",
        "categories": ["Directional Icons"]
    },
    "long-arrow-left": {
        "code": "e738",
        "name": "Long Arrow Left",
        "filter": ["previous", "back"],
        "categories": ["Directional Icons"]
    },
    "long-arrow-right": {
        "code": "e739",
        "name": "Long Arrow Right",
        "categories": ["Directional Icons"]
    },
    "apple": {
        "code": "e73a",
        "name": "Apple",
        "filter": ["osx"],
        "categories": ["Brand Icons"]
    },
    "windows": {
        "code": "e73b",
        "name": "Windows",
        "filter": ["microsoft"],
        "categories": ["Brand Icons"]
    },
    "android": {
        "code": "e73c",
        "name": "Android",
        "categories": ["Brand Icons"]
    },
    "linux": {
        "code": "e73d",
        "name": "Linux",
        "filter": ["tux"],
        "categories": ["Brand Icons"]
    },
    "sun": {
        "code": "e742"
    },
    "moon": {
        "code": "e743"
    },
    "archive": {
        "code": "e744",
        "name": "Archive",
        "filter": ["box", "storage"],
        "categories": ["Web Application Icons"]
    },
    "bug": {
        "code": "e745",
        "name": "Bug",
        "filter": ["report"],
        "categories": ["Web Application Icons"]
    },
    "zhifubao": {
        "code": "e901",
        "alias": ["alipay"],
        "name": "Zhi Fu Bao",
        "filter": ["taobao", "zhifubao", "alipay"],
        "categories": ["Brand Icons"]
    },
    "zhifubao-square": {
        "code": "e900",
        "alias": ["alipay-square"],
        "name": "Zhi Fu Bao square",
        "filter": ["taobao", "zhifubao", "square", "alipay"],
        "categories": ["Brand Icons"]
    },
    "taobao": {
        "code": "e902",
        "alias": ["alipay"],
        "name": "Zhi Fu Bao",
        "filter": ["taobao", "zhifubao", "alipay"],
        "categories": ["Brand Icons"]
    },
    "weibo": {
        "code": "e746",
        "name": "Weibo",
        "categories": ["Brand Icons"]
    },
    "renren": {
        "code": "e747",
        "name": "Renren",
        "categories": ["Brand Icons"]
    },
    "chrome": {
        "code": "e76c"
    },
    "firefox": {
        "code": "e76d"
    },
    "ie": {
        "code": "e76e"
    },
    "opera": {
        "code": "e76f"
    },
    "safari": {
        "code": "e770"
    },
    "node": {
        "code": "e76a"
    },
    "layout": {
        "code": "e768"
    },
    "usecase": {
        "code": "e74a"
    },
    "stack": {
        "code": "e769"
    },
    "branch": {
        "code": "e74b"
    },
    "chat": {
        "code": "e74c"
    },
    "chat-line": {
        "code": "e74f",
        "alias": ["comment-line"]
    },
    "chat-dot": {
        "code": "e750"
    },
    "cube": {
        "code": "e751",
        "name": "Cube",
        "categories": ["Web Application Icons"]
    },
    "align-left": {
        "code": "e633",
        "name": "align-left",
        "filter": ["text"],
        "categories": ["Text Editor Icons"]
    }
}
