<?xml version="1.0" encoding="UTF-8"?>
<!DOCTYPE hibernate-configuration PUBLIC "-//Hibernate/Hibernate Configuration DTD 3.0//EN" 
"http://hibernate.sourceforge.net/hibernate-configuration-3.0.dtd">

<hibernate-configuration>
<session-factory>
	<property name="show_sql">false</property>
	<property name="format_sql">true</property>
	<property name="dialect">
		org.hibernate.dialect.MySQLDialect
	</property>
	<property name="connection.driver_class">
		com.mysql.jdbc.Driver
	</property>
	<property name="connection.url">jdbc:mysql://localhost:3306/hibernatesearch</property>
	<property name="connection.username">root</property>
	<property name="connection.password"></property>
    <property name="connection.characterEncoding">utf8</property>
	<property name="hibernate.search.default.directory_provider">
		filesystem
	</property>
	<property name="hibernate.search.default.indexBase">
		F:\index
	</property>
	<property name="myeclipse.connection.profile">xmlprocess</property>

	<mapping class="com.hortond.entity.TbGoods" />
</session-factory>
</hibernate-configuration>
